Aligned_X,Aligned_Y,Index_X,Index_Y
-0.1808904493706798,-0.1808028379484381,0,0
-0.1808904493706798,-0.1808034191662236,0,1
-0.1808904493706798,-0.1808070612535731,0,2
-0.1808936386584139,-0.1808070612535731,1,2
-0.1808881263300556,-0.1808070612535731,2,2
-0.1808896016266964,-0.1808070612535731,3,2
-0.1808930535287498,-0.1808070612535731,4,2
-0.1808919125571494,-0.1808070612535731,5,2
-0.1808921819096064,-0.1808070612535731,6,2
-0.1808906917090833,-0.1808070612535731,7,2
-0.1808900957382874,-0.1808070612535731,8,2
-0.1808903042576254,-0.1808070612535731,9,2
-0.1808889181759785,-0.1808070612535731,10,2
-0.1808906309054414,-0.1808070612535731,11,2
-0.1808899663876827,-0.1808070612535731,12,2
-0.1808899651785107,-0.1808070612535731,13,2
-0.1808914320722676,-0.1808070612535731,14,2
-0.1808933328629275,-0.1808070612535731,15,2
-0.1808914682927684,-0.1808070612535731,16,2
-0.1808933736621999,-0.1808070612535731,17,2
-0.1808918724154992,-0.1808070612535731,18,2
-0.1808960919857017,-0.1808070612535731,19,2
-0.1808941310979356,-0.1808070612535731,20,2
-0.1808881850955495,-0.1808070612535731,21,2
-0.1808954863781673,-0.1808070612535731,22,2
-0.1808900608650412,-0.1808070612535731,23,2
-0.1808928151055746,-0.1808070612535731,24,2
-0.1808861166297959,-0.1808070612535731,25,2
-0.1808875032573859,-0.1808070612535731,26,2
-0.1808916928261227,-0.1808070612535731,27,2
-0.1808952361776289,-0.1808070612535731,28,2
-0.1808952361776289,-0.1808070612535731,29,2
-0.1808890198247632,-0.1808070612535731,30,2
-0.1808904769757481,-0.1808070612535731,31,2
-0.1808927129865832,-0.1808070612535731,32,2
-0.1808916175196841,-0.1808070612535731,33,2
-0.1808901607072415,-0.1808070612535731,34,2
-0.1808951856169038,-0.1808070612535731,35,2
-0.1808899677529392,-0.1808070612535731,36,2
-0.1808972577659012,-0.1808070612535731,37,2
-0.1808905808315417,-0.1808070612535731,38,2
-0.1808904330384199,-0.1808070612535731,39,2
-0.1808918551180929,-0.1808070612535731,40,2
-0.1808896054130143,-0.1808070612535731,41,2
-0.1808893920842679,-0.1808070612535731,42,2
-0.180889639253753,-0.1808070612535731,43,2
-0.1808933979732169,-0.1808070612535731,44,2
-0.1808873561760811,-0.1808070612535731,45,2
-0.1808936465480928,-0.1808070612535731,46,2
-0.1808922067598459,-0.1808070612535731,47,2
-0.1808922992614411,-0.1808070612535731,48,2
-0.1808950780713473,-0.1808070612535731,49,2
-0.1808908098394538,-0.1808070612535731,50,2
-0.1808923020484653,-0.1808070612535731,51,2
-0.180890826235409,-0.1808070612535731,52,2
-0.180890826235409,-0.1808070612535731,53,2
-0.1808898037233309,-0.1808070612535731,54,2
-0.1808945547307183,-0.1808070612535731,55,2
-0.1808906600699719,-0.1808070612535731,56,2
-0.1808894646605109,-0.1808070612535731,57,2
-0.1808879140535288,-0.1808070612535731,58,2
-0.1808891722341888,-0.1808070612535731,59,2
-0.1808871104934485,-0.1808070612535731,60,2
-0.180890628693107,-0.1808070612535731,61,2
-0.1808891021038822,-0.1808070612535731,62,2
-0.1808914972392268,-0.1808070612535731,63,2
-0.1808915895547239,-0.1808070612535731,64,2
-0.1808899655796479,-0.1808070612535731,65,2
-0.1808900161300426,-0.1808070612535731,66,2
-0.1808902773741544,-0.1808070612535731,67,2
-0.1808907747938156,-0.1808070612535731,68,2
-0.1808945350339657,-0.1808070612535731,69,2
-0.1808917553297952,-0.1808070612535731,70,2
-0.1808918162410711,-0.1808070612535731,71,2
-0.1808975886452049,-0.1808070612535731,72,2
-0.180891820840494,-0.1808070612535731,73,2
-0.180892785356301,-0.1808070612535731,74,2
-0.1808881079503911,-0.1808070612535731,75,2
-0.1808904795349914,-0.1808070612535731,76,2
-0.1808932030729713,-0.1808070612535731,77,2
-0.1808951414133466,-0.1808070612535731,78,2
-0.1808935744043945,-0.1808070612535731,79,2
-0.180890149114415,-0.1808070612535731,80,2
-0.1808942330816438,-0.1808070612535731,81,2
-0.1808912673406247,-0.1808070612535731,82,2
-0.1808933926396871,-0.1808070612535731,83,2
-0.1808902001500341,-0.1808070612535731,84,2
-0.1808905652634149,-0.1808070612535731,85,2
-0.1808900502185171,-0.1808070612535731,86,2
-0.1808886789415728,-0.1808070612535731,87,2
-0.1808944433207084,-0.1808070612535731,88,2
-0.1808936858230574,-0.1808070612535731,89,2
-0.1808947975628735,-0.1808070612535731,90,2
-0.1808926849440127,-0.1808070612535731,91,2
-0.1808909635747188,-0.1808070612535731,92,2
-0.1808909635747188,-0.1808070612535731,93,2
-0.1808914220908713,-0.1808070612535731,94,2
-0.1808913781051095,-0.1808070612535731,95,2
-0.1808923819977399,-0.1808070612535731,96,2
-0.1808814265620424,-0.1808070612535731,97,2
-0.1808738786641827,-0.1808070612535731,98,2
-0.180864581946311,-0.1808070612535731,99,2
-0.1808693271161951,-0.1808070612535731,100,2
-0.1808694266083918,-0.1808070612535731,101,2
-0.1808689001722047,-0.1808070612535731,102,2
-0.1808646034655409,-0.1808070612535731,103,2
-0.1808667713908155,-0.1808070612535731,104,2
-0.1808690080221942,-0.1808070612535731,105,2
-0.1808712223511609,-0.1808070612535731,106,2
-0.1808718780943506,-0.1808070612535731,107,2
-0.1808668031003068,-0.1808070612535731,108,2
-0.180868084164586,-0.1808070612535731,109,2
-0.1808712245614228,-0.1808070612535731,110,2
-0.1808729918737637,-0.1808070612535731,111,2
-0.1808712686984964,-0.1808070612535731,112,2
-0.1808712606325857,-0.1808070612535731,113,2
-0.1808701106910533,-0.1808070612535731,114,2
-0.1808740436684332,-0.1808070612535731,115,2
-0.1808737576680952,-0.1808070612535731,116,2
-0.180868126313601,-0.1808070612535731,117,2
-0.1808740077338908,-0.1808070612535731,118,2
-0.1808745809237598,-0.1808070612535731,119,2
-0.1808761061196443,-0.1808070612535731,120,2
-0.1808740300524638,-0.1808070612535731,121,2
-0.1808763956346031,-0.1808070612535731,122,2
-0.1808726769258331,-0.1808070612535731,123,2
-0.1808687322578078,-0.1808070612535731,124,2
-0.1808716985127632,-0.1808070612535731,125,2
-0.1808710415123367,-0.1808070612535731,126,2
-0.1808740961556907,-0.1808070612535731,127,2
-0.1808875620734867,-0.1808070612535731,128,2
-0.1807961974510425,-0.1808070612535731,129,2
-0.1808540521881883,-0.1808070612535731,130,2
-0.1808567249563645,-0.1808070612535731,131,2
-0.1808740108776299,-0.1808070612535731,132,2
-0.1807993892591014,-0.180803201185549,133,3
-0.1807993892591014,-0.1808055717521151,133,4
-0.1807993892591014,-0.1808060814145624,133,5
-0.1807993892591014,-0.1808065359641622,133,6
-0.1807993892591014,-0.1808030379479836,133,7
-0.1807993892591014,-0.1808014304606834,133,8
-0.1807993892591014,-0.1808067192741542,133,9
-0.1807993892591014,-0.1808010143020113,133,10
-0.1807993892591014,-0.1808041297941333,133,11
-0.1807993892591014,-0.1808011168581832,133,12
-0.1807993892591014,-0.1808020447097759,133,13
-0.1807993892591014,-0.1808051828346687,133,14
-0.1807993892591014,-0.1808021987024471,133,15
-0.1807993892591014,-0.1808040420974889,133,16
-0.1807993892591014,-0.1808020005809936,133,17
-0.1807993892591014,-0.1807966611808289,133,18
-0.1807993892591014,-0.1808028236951702,133,19
-0.1807993892591014,-0.1807995162789408,133,20
-0.1807993892591014,-0.1808032317562745,133,21
-0.1807993892591014,-0.180802021132017,133,22
-0.1807993892591014,-0.1808029337374022,133,23
-0.1807993892591014,-0.1808054049808241,133,24
-0.1807993892591014,-0.1808009699469913,133,25
-0.1807993892591014,-0.1808006432816757,133,26
-0.1807993892591014,-0.1808021161958728,133,27
-0.1807993892591014,-0.1808055180546369,133,28
-0.1807993892591014,-0.180805586432384,133,29
-0.1807993892591014,-0.1808028966963915,133,30
-0.1807993892591014,-0.180802530180177,133,31
-0.1807993892591014,-0.1807999317264463,133,32
-0.1807993892591014,-0.1808022775735169,133,33
-0.1807993892591014,-0.1808002413598274,133,34
-0.1807993892591014,-0.1808030626766626,133,35
-0.1807993892591014,-0.1807985933183109,133,36
-0.1807993892591014,-0.180801570281551,133,37
-0.1807993892591014,-0.1808036397363334,133,38
-0.1807993892591014,-0.1807994430572301,134,39
-0.1807993892591014,-0.1808037919288332,134,40
-0.1807993892591014,-0.180802252310963,134,41
-0.1807993892591014,-0.1808043706808993,134,42
-0.1807993892591014,-0.1808038622549385,134,43
-0.1807993892591014,-0.180802801688659,134,44
-0.1807442757638542,-0.180802801688659,135,44
-0.1807494416352213,-0.180802801688659,136,44
-0.1807467061343507,-0.180802801688659,137,44
-0.1807473402229163,-0.180802801688659,138,44
-0.18075693914636,-0.180802801688659,139,44
-0.1807520593457565,-0.180802801688659,140,44
-0.1807325557718023,-0.180802801688659,141,44
-0.1807325557718023,-0.1806455416347494,141,45
-0.1807325557718023,-0.1804337142520721,141,46
-0.1807325557718023,-0.1801825262310001,141,47
-0.1807325557718023,-0.1801988100451828,141,48
-0.1807325557718023,-0.1801956671887196,141,49
-0.1807325557718023,-0.1801999414556537,141,50
-0.1807325557718023,-0.1801970862471371,141,51
-0.1807325557718023,-0.1801983709521373,141,52
-0.1807325557718023,-0.1802019601464754,141,53
-0.1807325557718023,-0.18019497281471,141,54
-0.1807325557718023,-0.1801983491352831,141,55
-0.1807325557718023,-0.1802008608172607,141,56
-0.1807325557718023,-0.180200032368369,141,57
-0.1807325557718023,-0.1801999961660034,141,58
-0.1807325557718023,-0.1802000622546585,141,59
-0.1807325557718023,-0.1801995493337502,141,60
-0.1807325557718023,-0.1802005214956224,141,61
-0.1807325557718023,-0.1802017162233417,141,62
-0.1807325557718023,-0.1801996907738289,141,63
-0.1807325557718023,-0.1801982775670804,141,64
-0.1807325557718023,-0.1802024977081993,141,65
-0.1807325557718023,-0.1801994199156618,141,66
-0.1807325557718023,-0.1802004527870213,141,67
-0.1807325557718023,-0.1801968828425601,141,68
-0.1807325557718023,-0.1802005903968942,141,69
-0.1807325557718023,-0.1801964238926044,141,70
-0.1807325557718023,-0.1801977448182755,141,71
-0.1807325557718023,-0.180197060950175,141,72
-0.1807325557718023,-0.1802046644906106,141,73
-0.1807325557718023,-0.1802393439184311,141,74
-0.1807325557718023,-0.1802312556583902,141,75
-0.1807325557718023,-0.1803417986666549,141,76
-0.1807325557718023,-0.1805740216481134,141,77
-0.1807325557718023,-0.1807766057456132,141,78
-0.1807325557718023,-0.180757674962161,141,79
-0.1807355169030949,-0.1807406252541527,142,80
-0.1807376459531275,-0.1807406252541527,143,80
-0.1807376459531275,-0.1807613799481888,143,81
-0.1807376459531275,-0.1807589607163392,143,82
-0.1807376459531275,-0.1807589607163392,143,83
-0.1807376459531275,-0.1807486010614729,143,84
-0.1807376459531275,-0.1807400392330494,143,85
-0.1807376459531275,-0.1807527514809697,143,86
-0.1807376459531275,-0.1807444015541328,143,87
-0.1807376459531275,-0.1807429472187634,143,88
-0.1807376459531275,-0.1807393501459076,143,89
-0.1807337604013583,-0.1807393501459076,144,89
-0.1807329086974818,-0.1807393501459076,145,89
-0.1807274427222035,-0.1807393501459076,146,89
-0.1807127353711931,-0.180708656374071,147,90
-0.1807127353711931,-0.1806888006396326,147,91
-0.1807127353711931,-0.1806810956853848,147,92
-0.1807127353711931,-0.1806906609283549,147,93
-0.1807127353711931,-0.1806913415460419,147,94
-0.1807127353711931,-0.1807044486201318,147,95
-0.1807127353711931,-0.1807024931454005,147,96
-0.1807127353711931,-0.1806990523031331,147,97
-0.1807127353711931,-0.1806990523031331,147,98
-0.1807127353711931,-0.1806987922187219,147,99
-0.1807127353711931,-0.1807047137583543,147,100
-0.1807127353711931,-0.1806942177082401,147,101
-0.1807127353711931,-0.18070148997244,147,102
-0.1807127353711931,-0.1807004867442046,147,103
-0.1807127353711931,-0.1807006527932604,147,104
-0.1807127353711931,-0.1807023502567325,147,105
-0.1807127353711931,-0.1807040003737758,147,106
-0.1807127353711931,-0.1807018571435317,147,107
-0.1807127353711931,-0.1806951386490888,147,108
-0.1807127353711931,-0.1806964675035887,147,109
-0.1807127353711931,-0.1807023766952889,147,110
-0.1807127353711931,-0.180703973052786,147,111
-0.1807127353711931,-0.1807005462056804,147,112
-0.1807127353711931,-0.1807023807726113,147,113
-0.1807127353711931,-0.1806992401144668,147,114
-0.1807127353711931,-0.1807063718665333,147,115
-0.1807127353711931,-0.1807057303881974,147,116
-0.1807127353711931,-0.1807040835288682,147,117
-0.1807127353711931,-0.1807068662819461,147,118
-0.1807127353711931,-0.180706202790306,147,119
-0.1807127353711931,-0.1807067179218455,147,120
-0.1807127353711931,-0.180699761561377,147,121
-0.1807127353711931,-0.1807006307632723,147,122
-0.1807127353711931,-0.1807031918630985,147,123
-0.1807127353711931,-0.1807082198168302,147,124
-0.1807127353711931,-0.1807054673545352,147,125
-0.1807127353711931,-0.1807045322516215,147,126
-0.1807127353711931,-0.1807027214532366,147,127
-0.1807127353711931,-0.1807005180253419,147,128
-0.1807127353711931,-0.1807026822539952,147,129
-0.1807127353711931,-0.1806976624354962,147,130
-0.1807127353711931,-0.1807038145805722,147,131
-0.1807127353711931,-0.1807002299052184,147,132
-0.1807127353711931,-0.180700378682598,147,133
-0.1807127353711931,-0.1806996600532327,147,134
-0.1807127353711931,-0.1806941882078413,147,135
-0.1807127353711931,-0.1806946398393503,147,136
-0.1807370387008619,-0.1806946398393503,148,136
-0.1807364383612869,-0.1806946398393503,149,136
-0.1807316845436908,-0.1806946398393503,150,136
-0.1807371964236974,-0.1806946398393503,151,136
-0.1807465664842418,-0.1806946398393503,152,136
-0.1807470586447027,-0.1806946398393503,153,136
-0.1807484212591205,-0.1806946398393503,154,136
-0.1807473794185936,-0.1806946398393503,155,136
-0.1807627246583618,-0.1806946398393503,156,136
-0.1807529739531221,-0.1806946398393503,157,136
-0.1807529739531221,-0.1806811332878534,157,137
-0.1807529739531221,-0.1806772443857104,157,138
-0.1807529739531221,-0.1806691414549285,157,139
-0.1807529739531221,-0.1806237370819424,157,140
-0.1807529739531221,-0.1806242121599887,157,141
-0.1809799997992877,-0.1806242121599887,158,141
-0.1814467232992598,-0.1806242121599887,159,141
-0.182841873909744,-0.1832765088629008,160,142
-0.1838286312278292,-0.1843627082587415,161,143
-0.1861532672670267,-0.1869241328905894,162,144
-0.1861532672670267,-0.1883504777461186,162,145
-0.1923194993128648,-0.191528462756207,163,146
-0.1923194993128648,-0.1931519174666975,163,147
-0.1956420709824096,-0.1948176508750451,164,148
-0.1956420709824096,-0.1963580994518154,164,149
-0.1971919802989536,-0.1963580994518154,165,149
-0.2004838761835975,-0.2012731608078956,166,150
-0.2021388869851872,-0.2012731608078956,167,150
-0.2021388869851872,-0.2046417871399651,167,151
-0.2021388869851872,-0.2062646713237493,167,152
-0.2108701048890786,-0.2097691118289988,168,153
-0.2108701048890786,-0.211734094540973,168,154
-0.212933659924557,-0.211734094540973,169,154
-0.2175021233914102,-0.211734094540973,170,154
-0.2198453584524964,-0.2231389637528349,171,155
-0.2198453584524964,-0.2321627214564553,171,156
-0.2461787038546622,-0.2428682722560054,172,157
-0.2461787038546622,-0.2448770235964486,172,158
-0.2502211884198627,-0.2448770235964486,173,158
-0.2522806865021812,-0.2548854295479145,174,159
-0.2562293028838281,-0.2568708085373885,175,160
-0.262383414235661,-0.2631479096568324,176,161
-0.2684543410402305,-0.2691347951516922,177,162
-0.2684543410402305,-0.272982913608245,177,163
-0.2781997196202714,-0.2749359728222635,178,164
-0.2781997196202714,-0.2788759244059513,178,165
-0.2801774171877429,-0.2808038105329595,179,166
-0.2859876673156254,-0.2808038105329595,180,166
-0.2859876673156254,-0.2921692445874262,180,167
-0.2955458024483866,-0.2959544808394173,181,168
-0.2974366000560088,-0.2959544808394173,182,168
-0.3065284784506813,-0.3050669504257512,183,169
-0.3084841916976344,-0.3050669504257512,184,169
-0.3120780314723286,-0.3158359049218245,185,170
-0.3137969724457105,-0.3158359049218245,186,170
-0.3172315122022245,-0.3176202017028231,187,171
-0.3190217928057738,-0.3176202017028231,188,171
-0.3190217928057738,-0.3210667124530981,188,172
-0.3223828737588743,-0.3226587748604503,189,173
-0.324076949276519,-0.3226587748604503,190,173
-0.324076949276519,-0.3261342047573431,190,174
-0.3294340773206011,-0.3278884536605486,191,175
-0.3294340773206011,-0.3312219772337144,191,176
-0.3327140103793679,-0.3329090842031106,192,177
-0.3343958363178111,-0.3329090842031106,193,177
-0.337658394144363,-0.3378326994980402,194,178
-0.33937462308452,-0.3378326994980402,195,178
-0.33937462308452,-0.3409434574909555,195,179
-0.344060362079207,-0.3424790150936722,196,180
-0.3456839849658918,-0.3424790150936722,197,180
-0.3473180537271041,-0.3474648000906807,198,181
-0.3504881653185345,-0.3474648000906807,199,181
-0.3520548861724274,-0.3552385231001547,200,182
-0.3566206065777051,-0.3568389365086903,201,183
-0.3595037758362709,-0.3568389365086903,202,183
-0.3609073444452998,-0.3611762472936474,203,184
-0.365291798269005,-0.364248156855822,204,185
-0.365291798269005,-0.3658102081537966,204,186
-0.3669727114334841,-0.3658102081537966,205,186
-0.3684379525117389,-0.3687428383742634,206,187
-0.3696512242233622,-0.3700621527333464,207,188
-0.3712134343516231,-0.3700621527333464,208,188
-0.3739340237193805,-0.3729280332982531,209,189
-0.3739340237193805,-0.3755960944695675,209,190
-0.3782369754422359,-0.3770787731312995,210,191
-0.3782369754422359,-0.3799234957434558,210,192
-0.3782369754422359,-0.3812984731060632,210,193
-0.3849042363045674,-0.3837812687178368,211,194
-0.3849042363045674,-0.385017646781197,211,195
-0.3861781090834102,-0.385017646781197,212,195
-0.3861781090834102,-0.3876419195934809,212,196
-0.3912540434732279,-0.3888656511794172,213,197
-0.3924946615776999,-0.3888656511794172,214,197
-0.3937312620545364,-0.3951562880211383,215,198
-0.3950001483993192,-0.3951562880211383,216,198
-0.3963611110719898,-0.3964366803767529,217,199
-0.3976189204398377,-0.398770104485058,218,200
-0.3976189204398377,-0.3999447127816682,218,201
-0.40332385361779,-0.4023090487429048,219,202
-0.40332385361779,-0.4034059739488776,219,203
-0.4066064759494405,-0.4056634533455865,220,204
-0.4066064759494405,-0.4067411113501451,220,205
-0.4077480184164437,-0.4067411113501451,221,205
-0.4077480184164437,-0.4090925507952936,221,206
-0.4077480184164437,-0.4101774581137909,221,207
-0.4132180249083468,-0.4132447254495838,222,208
-0.41630508397944,-0.4181717789775288,223,209
-0.4213646092252027,-0.4192620177052674,224,210
-0.4222487816909035,-0.4238587039047053,225,211
-0.4248647302257712,-0.4247585401496871,226,212
-0.4267376012968105,-0.4265894805792849,227,213
-0.4276435750275595,-0.4274396949512602,228,214
-0.429242125627018,-0.4290678076201908,229,215
-0.430111659234028,-0.4290678076201908,230,215
-0.430111659234028,-0.4316929525956736,230,216
-0.4350547145178388,-0.4339935764313333,231,217
-0.4350547145178388,-0.4361817681665978,231,218
-0.4372243794879146,-0.4368720549709761,232,219
-0.4372243794879146,-0.4368720549709761,232,220
-0.4409696685114688,-0.4439780747677442,233,221
-0.4416076365677058,-0.4439780747677442,234,221
-0.4427943483276265,-0.4439780747677442,235,221
-0.4435414266598796,-0.4439780747677442,236,221
-0.4443550355344373,-0.4445568493706532,237,222
-0.4449595126469585,-0.4445568493706532,238,222
-0.4462509855044425,-0.4459273497384123,239,223
-0.4468920226912176,-0.4474741458051279,240,224
-0.4483583352929866,-0.4478580954932227,241,225
-0.4483583352929866,-0.4485543266710231,241,226
-0.4490552890289,-0.4489414271970078,242,227
-0.4494084740538664,-0.4497613291518945,243,228
-0.4502246092218964,-0.4497613291518945,244,228
-0.4506264935084819,-0.4506196233153193,245,229
-0.4521492391726161,-0.4524921275062096,246,230
-0.4521492391726161,-0.4526557581615442,246,231
-0.4521492391726161,-0.4530361279085835,246,232
-0.4521492391726161,-0.453112414593486,246,233
-0.4521492391726161,-0.4531819598842992,246,234
-0.4521492391726161,-0.4530880890908776,246,235
-0.4521492391726161,-0.4530954476790387,246,236
-0.4521492391726161,-0.4530931144493182,246,237
-0.4521492391726161,-0.4530895949993147,246,238
-0.4521492391726161,-0.4530837937724334,246,239
-0.4521492391726161,-0.4531355108471552,246,240
-0.4521492391726161,-0.4532560401364112,246,241
-0.4521492391726161,-0.4532367920216134,246,242
-0.4521492391726161,-0.4528367890981783,246,243
-0.4521492391726161,-0.4527694311811138,246,244
-0.4521492391726161,-0.4522351179646848,246,245
-0.4521492391726161,-0.4519522576757695,246,246
-0.4521492391726161,-0.4518450085350612,246,247
-0.4521492391726161,-0.4518514568082433,246,248
-0.4521492391726161,-0.4518483123561943,246,249
-0.4521492391726161,-0.451852657031734,246,250
-0.4521492391726161,-0.4518500099503019,246,251
-0.4521492391726161,-0.4518604992553041,246,252
-0.4521492391726161,-0.4518608147360979,246,253
-0.4521492391726161,-0.451883794475707,246,254
-0.4521492391726161,-0.451888368858384,246,255
-0.4521492391726161,-0.45189656477264,246,256
-0.4521492391726161,-0.4519065169554364,246,257
-0.4521492391726161,-0.4519122754443594,246,258
-0.4521492391726161,-0.4519129667596768,246,259
-0.4524728491286947,-0.4523962359424821,247,260
-0.4524728491286947,-0.4527571094443982,247,261
-0.453059069764852,-0.4529124373683353,248,262
-0.453059069764852,-0.4528548338281939,248,263
-0.453059069764852,-0.4528182744854078,248,264
-0.453059069764852,-0.4528490164530443,248,265
-0.453059069764852,-0.4528710767330485,248,266
-0.453059069764852,-0.4528311183532011,248,267
-0.453059069764852,-0.4528137993199914,248,268
-0.453059069764852,-0.4528131232206011,248,269
-0.453059069764852,-0.4528032611563555,248,270
-0.453059069764852,-0.452806929437403,248,271
-0.453059069764852,-0.4527854578883934,248,272
-0.453059069764852,-0.4528000179574163,248,273
-0.453059069764852,-0.4528176026695319,248,274
-0.453059069764852,-0.4528193325531298,248,275
-0.453059069764852,-0.4528185847170012,248,276
-0.453059069764852,-0.4528208750917254,248,277
-0.453059069764852,-0.4528160436981858,248,278
-0.453059069764852,-0.4528255263283106,248,279
-0.453059069764852,-0.4528323575968449,248,280
-0.453059069764852,-0.4528265344531575,248,281
-0.453059069764852,-0.4528401534654519,248,282
-0.453059069764852,-0.4528484572959881,248,283
-0.453059069764852,-0.4528421252316286,248,284
-0.453059069764852,-0.4528560735256582,248,285
-0.453059069764852,-0.4529348585016568,248,286
-0.453236380343764,-0.4531699354481515,249,287
-0.453236380343764,-0.4532037126714139,249,288
-0.453236380343764,-0.4532127819646592,249,289
-0.453236380343764,-0.4531825345154072,249,290
-0.453236380343764,-0.4533001594561451,249,291
-0.453236380343764,-0.4531891214966535,249,292
-0.453236380343764,-0.4533455251992588,249,293
-0.4534987622011007,-0.4533455251992588,250,293
-0.4536358009534345,-0.4536814144770011,251,294
-0.4537176058052779,-0.4536814144770011,252,294
-0.4537222454504693,-0.4536814144770011,253,294
-0.4536898269460041,-0.4536814144770011,254,294
-0.4536277047061694,-0.4536814144770011,255,294
-0.4535793326737576,-0.4536814144770011,256,294
-0.4535521151136786,-0.4536814144770011,257,294
-0.4535550098978605,-0.4536814144770011,258,294
-0.4535518682059006,-0.4536814144770011,259,294
-0.4535534577681956,-0.4536814144770011,260,294
-0.453564119487534,-0.4536814144770011,261,294
-0.4535939491882108,-0.4536814144770011,262,294
-0.4537525468357388,-0.453740578933978,263,295
-0.4538827019797797,-0.453740578933978,264,295
-0.4540856072915792,-0.453740578933978,265,295
-0.4540324203525608,-0.453740578933978,266,295
-0.4540324203525608,-0.453740578933978,267,295
-0.4541381196478144,-0.453740578933978,268,295
-0.454310121614597,-0.453740578933978,269,295
-0.4542827131904437,-0.453740578933978,270,295
-0.4542401971797776,-0.453740578933978,271,295
-0.4541536202983735,-0.453740578933978,272,295
-0.4541181623822145,-0.453740578933978,273,295
-0.4541220561082398,-0.453740578933978,274,295
-0.4541204820210506,-0.453740578933978,275,295
-0.45412770719359,-0.453740578933978,276,295
-0.4541245256828708,-0.453740578933978,277,295
-0.4541314847834872,-0.453740578933978,278,295
-0.4541252223064388,-0.453740578933978,279,295
-0.4541229478010686,-0.453740578933978,280,295
-0.4541273806939911,-0.453740578933978,281,295
-0.4541282746301748,-0.453740578933978,282,295
-0.4541274312855453,-0.453740578933978,283,295
-0.4541266936084138,-0.453740578933978,284,295
-0.4541226877797773,-0.453740578933978,285,295
-0.4541242629317047,-0.453740578933978,286,295
-0.4541284253849679,-0.453740578933978,287,295
-0.4541291400357294,-0.453740578933978,288,295
-0.454116099636609,-0.453740578933978,289,295
-0.454117729774373,-0.453740578933978,290,295
-0.4541106923289194,-0.453740578933978,291,295
-0.4541106923289194,-0.453740578933978,292,295
-0.4541155390658967,-0.453740578933978,293,295
-0.4541092430411013,-0.453740578933978,294,295
-0.4541108263623604,-0.453740578933978,295,295
-0.4541097084309613,-0.453740578933978,296,295
-0.4541058012905929,-0.453740578933978,297,295
-0.4541131086427317,-0.453740578933978,298,295
-0.4541091179494866,-0.453740578933978,299,295
-0.4541059812043708,-0.453740578933978,300,295
-0.4541082078051516,-0.453740578933978,301,295
-0.4541038430039133,-0.453740578933978,302,295
-0.4540916201585299,-0.453740578933978,303,295
-0.4540857841579309,-0.453740578933978,304,295
-0.454088888634017,-0.453740578933978,305,295
-0.4540973191068378,-0.453740578933978,306,295
-0.454101244440116,-0.453740578933978,307,295
-0.4541890711430885,-0.453740578933978,308,295
-0.4541419369520091,-0.453740578933978,309,295
-0.4540816209926535,-0.453740578933978,310,295
-0.4541993510206023,-0.453740578933978,311,295
-0.4541916296739327,-0.453740578933978,312,295
-0.4541983645032192,-0.453740578933978,313,295
-0.4542973600105066,-0.453740578933978,314,295
-0.4545343193019632,-0.453740578933978,315,295
-0.4545976310957482,-0.453740578933978,316,295
-0.4545976310957482,-0.453740578933978,317,295
-0.4544233930451308,-0.453740578933978,318,295
-0.4543850675610138,-0.453740578933978,319,295
-0.4543321708174565,-0.453740578933978,320,295
-0.4541727471119477,-0.453740578933978,321,295
-0.4538927519279799,-0.453740578933978,322,295
-0.4537284940934457,-0.453740578933978,323,295
-0.4537284940934457,-0.4536901101674767,323,296
-0.4536515624217067,-0.4536374317634647,324,297
-0.4536515624217067,-0.4536924872105131,324,298
-0.453563233370145,-0.4535628973451818,325,299
-0.4535089411863455,-0.4535628973451818,326,299
-0.4535089411863455,-0.4533731206553743,326,300
-0.4535089411863455,-0.4531968443903806,326,301
-0.4535089411863455,-0.4531253113625873,326,302
-0.4526236060804321,-0.4526458747941173,327,303
-0.4525678624764953,-0.452550558197834,328,304
-0.4522448327906906,-0.4523713996191623,329,305
-0.4522448327906906,-0.4521189869803808,329,306
-0.4519601555609732,-0.4521189869803808,330,306
-0.4519601555609732,-0.4516970848218491,330,307
-0.4519601555609732,-0.4516970848218491,330,308
-0.4519601555609732,-0.45159457658989,330,309
-0.4519601555609732,-0.4515041628374852,330,310
-0.4509999467040452,-0.4511465496503793,331,311
-0.4508391080718591,-0.4508637761383379,332,312
-0.4508391080718591,-0.4503795351777406,332,313
-0.4500785086556416,-0.4501594806596635,333,314
-0.4500785086556416,-0.4498803359141218,333,315
-0.449611038041362,-0.449733260457323,334,316
-0.449611038041362,-0.449733260457323,335,316
-0.4495614283668267,-0.449733260457323,336,316
-0.4496096415585908,-0.449733260457323,337,316
-0.4496150687019589,-0.449733260457323,338,316
-0.4496004672937252,-0.449733260457323,339,316
-0.4496036171565611,-0.449733260457323,340,316
-0.4496058307604567,-0.449733260457323,341,316
-0.4496058307604567,-0.4492007264699202,341,317
-0.4496058307604567,-0.4489613098939938,341,318
-0.4496058307604567,-0.4485555269363174,341,319
-0.4496058307604567,-0.4484184167693262,341,320
-0.4496058307604567,-0.4484181907466943,341,321
-0.4496058307604567,-0.4484851746529549,341,322
-0.4496058307604567,-0.4485368733977227,341,323
-0.4496058307604567,-0.4484999454637077,341,324
-0.4496058307604567,-0.4485098673036007,341,325
-0.4496058307604567,-0.4484910728713621,341,326
-0.4496058307604567,-0.4484765811480627,341,327
-0.4496058307604567,-0.4484462211314553,341,328
-0.4496058307604567,-0.4484069380770414,341,329
-0.4496058307604567,-0.4484409125158315,341,330
-0.4496058307604567,-0.4486813008024827,341,331
-0.4496452061244513,-0.4498893440242663,342,332
-0.4496983943284099,-0.4498893440242663,343,332
-0.4498035567843266,-0.4498893440242663,344,332
-0.4500558870429128,-0.4498893440242663,345,332
-0.4503477494079189,-0.4498893440242663,346,332
-0.4506827177146488,-0.4508383359296524,347,333
-0.4506827177146488,-0.4513192656188589,347,334
-0.4528516018219012,-0.4532104825955919,348,335
-0.4532601853547399,-0.4532104825955919,349,335
-0.4532601853547399,-0.4541395504175291,349,336
-0.4556179820592057,-0.4550426620745734,350,337
-0.4556179820592057,-0.4557308673093986,350,338
-0.4561308147223659,-0.4562168937859398,351,339
-0.4568923505379171,-0.4562168937859398,352,339
-0.4572700245392871,-0.4572646427390008,353,340
-0.4572700245392871,-0.4577901388665729,353,341
-0.4596838932712558,-0.4586911373777271,354,342
-0.4596838932712558,-0.4590575529390996,354,343
-0.4596838932712558,-0.4597389068088447,354,344
-0.4601522257425817,-0.4602521750759761,355,345
-0.4609762976242912,-0.4608724524144537,356,346
-0.4609762976242912,-0.4611801499552975,356,347
-0.4613765136651324,-0.4614567785187076,357,348
-0.4613765136651324,-0.4616160834231401,357,349
-0.4627398356115423,-0.4623574599980585,358,350
-0.4627398356115423,-0.4626716773268711,358,351
-0.4627398356115423,-0.462817916343244,358,352
-0.4629090863464841,-0.462817916343244,359,352
-0.4629090863464841,-0.4630930137018772,359,353
-0.4633736001553549,-0.4632390790030529,360,354
-0.4641080806410413,-0.4632390790030529,361,354
-0.464189138087772,-0.4632390790030529,362,354
-0.4642554081449838,-0.4632390790030529,363,354
-0.4642496824922214,-0.4632390790030529,364,354
-0.4641822806907372,-0.4632390790030529,365,354
-0.4640911245353868,-0.4632390790030529,366,354
-0.4632459828685273,-0.4632390790030529,367,354
-0.4632459828685273,-0.4630098739837672,367,355
-0.4632459828685273,-0.4628608675884996,367,356
-0.4625415372893678,-0.4627580387981193,368,357
-0.4625415372893678,-0.4625549529304188,368,358
-0.4625415372893678,-0.4624091112531969,368,359
-0.4625415372893678,-0.4620233528398484,368,360
-0.4625415372893678,-0.4617886981827678,368,361
-0.4608270844098728,-0.4612779469019193,369,362
-0.4604188677919886,-0.4596331486740784,370,363
-0.4590699732809218,-0.4592333475906195,371,364
-0.4585752763289691,-0.4592333475906195,372,364
-0.4580900772887624,-0.4579087157077063,373,365
-0.4575184575162969,-0.4574480262960745,374,366
-0.456973714782406,-0.4569259397549406,375,367
-0.4564181729124134,-0.4564049855238532,376,368
-0.4558305654561895,-0.4553268859712957,377,369
-0.4558305654561895,-0.4547322857360654,377,370
-0.4520165392620961,-0.4528580567430875,378,371
-0.4520165392620961,-0.4521839752948855,378,372
-0.4520165392620961,-0.4521839752948855,378,373
-0.4505529224804115,-0.4521839752948855,379,373
-0.4498382463660307,-0.4521839752948855,380,373
-0.4464715351243253,-0.444247822839795,381,374
-0.4455046802297677,-0.444247822839795,382,374
-0.4435883749861078,-0.4432816242924289,383,375
-0.4426755605139846,-0.4432816242924289,384,375
-0.4409664220032119,-0.441434994171759,385,376
-0.4409664220032119,-0.4406023040459875,385,377
-0.4401671673689634,-0.4406023040459875,386,377
-0.4387122861347121,-0.4382129717581064,387,378
-0.4378952699723617,-0.4382129717581064,388,378
-0.4378952699723617,-0.4366505310019267,388,379
-0.4354642745664892,-0.4358835289037203,389,380
-0.4339097224661487,-0.4334562365484911,390,381
-0.4315868425764272,-0.4310329882295758,391,382
-0.4308280931426209,-0.4310329882295758,392,382
-0.4279376802237434,-0.4288878443420948,393,383
-0.42754703892275,-0.4269016878042244,394,384
-0.4269482406516678,-0.4269016878042244,395,384
-0.4269482406516678,-0.4265660658155863,395,385
-0.4269482406516678,-0.4261456832113494,395,386
-0.4269482406516678,-0.4261522094743153,395,387
-0.4269482406516678,-0.4261492494073383,395,388
-0.4269482406516678,-0.4261512250506295,395,389
-0.4269482406516678,-0.4261418644504698,395,390
-0.4269482406516678,-0.426268671141047,395,391
-0.4269482406516678,-0.4264091449933033,395,392
-0.4269482406516678,-0.4267321361710979,395,393
-0.4269482406516678,-0.4268617160195741,395,394
-0.4269825178360829,-0.4270509117997274,396,395
-0.4269928096056151,-0.4270509117997274,397,395
-0.4270003576054217,-0.4270509117997274,398,395
-0.4269942455939411,-0.4270509117997274,399,395
-0.4269949621761236,-0.4270509117997274,400,395
-0.4269844166123087,-0.4270509117997274,401,395
-0.4271337227557979,-0.4270509117997274,402,395
-0.4272910887688406,-0.4272332684245574,403,396
-0.4274968840578,-0.4275774353451948,404,397
-0.427629535486396,-0.4275774353451948,405,397
-0.4278635459695201,-0.4279233970741216,406,398
-0.4278635459695201,-0.4279233970741216,407,398
-0.4281463112103196,-0.4279233970741216,408,398
-0.4282580070360625,-0.4283190497123812,409,399
-0.4282580070360625,-0.4285176710255635,409,400
-0.4288319516442256,-0.4287198139559571,410,401
-0.4294511823036595,-0.4295697767240734,411,402
-0.429567819397471,-0.4295697767240734,412,402
-0.4297026573616438,-0.4297839646788282,413,403
-0.4299954508133035,-0.4299194121881727,414,404
-0.4300861732919737,-0.4301526271397561,415,405
-0.4305782459754907,-0.4304093511724736,416,406
-0.4305782459754907,-0.4305234234625709,416,407
-0.4305782459754907,-0.4305323166184592,416,408
-0.4305782459754907,-0.4305768546539364,416,409
-0.4309252100082944,-0.4307822156319471,417,410
-0.4309252100082944,-0.4308005171226829,417,411
-0.4310716699789904,-0.4308005171226829,418,411
-0.4312373998293536,-0.4308005171226829,419,411
-0.4313547159126878,-0.4308005171226829,420,411
-0.4314060265119331,-0.4308005171226829,421,411
-0.4314950839875502,-0.4308005171226829,422,411
-0.4315509531898034,-0.4308005171226829,423,411
-0.4314909287275334,-0.4308005171226829,424,411
-0.4315184619249694,-0.4308005171226829,425,411
-0.4314932178878259,-0.4308005171226829,426,411
-0.4314767912275304,-0.4308005171226829,427,411
-0.4312940373246562,-0.4308005171226829,428,411
-0.4313815003642648,-0.4308005171226829,429,411
-0.4311649344053369,-0.4308005171226829,430,411
-0.4310990829915402,-0.4308005171226829,431,411
-0.4310415661791445,-0.4308005171226829,432,411
-0.4309805954640349,-0.4308005171226829,433,411
-0.4309805954640349,-0.4308005171226829,434,411
-0.4309452853406791,-0.4308005171226829,435,411
-0.4309211037528642,-0.4308005171226829,436,411
-0.430920297765874,-0.4308005171226829,437,411
-0.4309170432393597,-0.4308005171226829,438,411
-0.4309182921057319,-0.4308005171226829,439,411
-0.4308821907275176,-0.4308005171226829,440,411
-0.4308295915081967,-0.4308005171226829,441,411
-0.4306754828119958,-0.4307448698668529,442,412
-0.4306792078826159,-0.4307448698668529,443,412
-0.4306682639130271,-0.4307448698668529,444,412
-0.4306830770844218,-0.4307448698668529,445,412
-0.4306660939620932,-0.4307448698668529,446,412
-0.430665597480127,-0.4307448698668529,447,412
-0.4306625331274872,-0.4307448698668529,448,412
-0.4306591734380928,-0.4307448698668529,449,412
-0.4306654477434544,-0.4307448698668529,450,412
-0.4306614452588709,-0.4307448698668529,451,412
-0.4306623871727643,-0.4307448698668529,452,412
-0.4306641673942091,-0.4307448698668529,453,412
-0.4306692226898602,-0.4307448698668529,454,412
-0.4306627970351068,-0.4307448698668529,455,412
-0.4306633914455803,-0.4307448698668529,456,412
-0.4306594730285388,-0.4307448698668529,457,412
-0.4306642775124096,-0.4307448698668529,458,412
-0.4306642775124096,-0.4307448698668529,459,412
-0.4306627699601167,-0.4307448698668529,460,412
-0.430660924829903,-0.4307448698668529,461,412
-0.4306612111622563,-0.4307448698668529,462,412
-0.4306641096912622,-0.4307448698668529,463,412
-0.4306625604073383,-0.4307448698668529,464,412
-0.4306635243849417,-0.4307448698668529,465,412
-0.4306635932883395,-0.4307448698668529,466,412
-0.4306873209488902,-0.4307448698668529,467,412
-0.4306873209488902,-0.4307922021226522,467,413
-0.4306873209488902,-0.4308090893451453,467,414
-0.430581951463513,-0.4304812247103712,468,415
-0.4304148675659113,-0.4304071165643161,469,416
-0.4304148675659113,-0.4305114987639152,469,417
-0.4304148675659113,-0.430416523254669,469,418
-0.4304006153426987,-0.430416523254669,470,418
-0.430305561180238,-0.4302279020930407,471,419
-0.430305561180238,-0.4302041899410574,471,420
-0.4301212200811858,-0.4301313781063613,472,421
-0.4300288365325362,-0.4300587809055473,473,422
-0.4300523823573139,-0.4300587809055473,474,422
-0.4299466257604967,-0.4299270236643601,475,423
-0.4299466257604967,-0.4299328968963601,475,424
-0.4299466257604967,-0.4299458000995309,475,425
-0.4299466257604967,-0.4299460122502431,475,426
-0.4299466257604967,-0.4299459615262652,475,427
-0.4299466257604967,-0.4299579878239482,475,428
-0.4299466257604967,-0.4299613431000975,475,429
-0.4299466257604967,-0.4299649619713473,475,430
-0.4299466257604967,-0.4299617623226968,475,431
-0.4299466257604967,-0.4299657667542591,475,432
-0.4299466257604967,-0.4299686576053305,475,433
-0.4299466257604967,-0.42996460983344,475,434
-0.4299466257604967,-0.4299636264210478,475,435
-0.4299466257604967,-0.4299584430580446,475,436
-0.4299466257604967,-0.429958889014492,475,437
-0.4299466257604967,-0.4299417303548176,475,438
-0.4299466257604967,-0.4299261902207565,475,439
-0.4299466257604967,-0.4299163715547474,475,440
-0.4298957605978622,-0.4298942881429415,476,441
-0.4298957605978622,-0.4298808629914306,476,442
-0.4298957605978622,-0.4298683806137598,476,443
-0.4298957605978622,-0.4298556553647989,476,444
-0.4298957605978622,-0.429853110790019,476,445
-0.4298957605978622,-0.429853191458065,476,446
-0.4298957605978622,-0.4298453168431843,476,447
-0.4298957605978622,-0.4298603316483579,476,448
-0.4298957605978622,-0.4298865270806535,476,449
-0.4298957605978622,-0.4299711999727565,476,450
-0.4298957605978622,-0.429920624499547,476,451
-0.4297251629514904,-0.4298022801067331,477,452
-0.4295491784243702,-0.4296344424089809,478,453
-0.4295491784243702,-0.4294081197275118,478,454
-0.4295491784243702,-0.4296141059724856,478,455
-0.4295491784243702,-0.4295963439058299,478,456
-0.4293008592375555,-0.4293212702190453,479,457
-0.4292033434218583,-0.4293212702190453,480,457
-0.4292033434218583,-0.4290561336628872,480,458
-0.4289210345185911,-0.4289185455583577,481,459
-0.428791725954637,-0.4289185455583577,482,459
-0.428791725954637,-0.428625501771172,482,460
-0.428791725954637,-0.428517177314022,482,461
-0.4281430294095402,-0.428517177314022,483,461
-0.4281430294095402,-0.428517177314022,484,461
-0.4279534222604159,-0.428517177314022,485,461
-0.4276672692728646,-0.428517177314022,486,461
-0.4272980809495228,-0.4269390349838774,487,462
-0.4269790918786081,-0.4269390349838774,488,462
-0.4267183541104649,-0.4269390349838774,489,462
-0.42604767384547,-0.4259247344854439,490,463
-0.425753250021698,-0.4259247344854439,491,463
-0.4249889033341317,-0.4259247344854439,492,463
-0.4246926970638989,-0.4242187328844156,493,464
-0.4240282217219974,-0.4242187328844156,494,464
-0.4235951494886315,-0.4230953425986241,495,465
-0.4225959154958096,-0.422777059333104,496,466
-0.422208486895103,-0.422777059333104,497,466
-0.4215688158046856,-0.4217829099006098,498,467
-0.4215688158046856,-0.4212392375326638,498,468
-0.4202118149993166,-0.4202905373953864,499,469
-0.4196889234504224,-0.4198134711641794,500,470
-0.4196889234504224,-0.4181817350699544,500,471
-0.4169280401529501,-0.4170162141040051,501,472
-0.4162803435399712,-0.4164993932207552,502,473
-0.4162803435399712,-0.4153289352095887,502,474
-0.414230786976711,-0.4146769553109307,503,475
-0.4129945035777961,-0.4146769553109307,504,475
-0.4123048345225771,-0.4118993465879448,505,476
-0.410917476812755,-0.4112398554615413,506,477
-0.4102288731645948,-0.4112398554615413,507,477
-0.4086657770926518,-0.4091030347236825,508,478
-0.4079306549074854,-0.4091030347236825,509,478
-0.4061654111879365,-0.4042789073225494,510,479
-0.4053682103799059,-0.4042789073225494,511,479
-0.4028684159160159,-0.4042789073225494,512,479
-0.4011194528911276,-0.3999807445006937,513,480
-0.4011194528911276,-0.3999807445006937,514,480
-0.3993437635989834,-0.3999807445006937,515,480
-0.3984298085260472,-0.3972728908557789,516,481
-0.3984298085260472,-0.3964175613207161,516,482
-0.3933282549835264,-0.3964175613207161,517,482
-0.3922786656745261,-0.3912353900427245,518,483
-0.3893130474240535,-0.3902301777723314,519,484
-0.3893130474240535,-0.3881836563801812,519,485
-0.3893130474240535,-0.3871305804344388,519,486
-0.3859532805598746,-0.385990725235538,520,487
-0.3859532805598746,-0.3848701594098674,520,488
-0.3825944052586569,-0.3837139238390527,521,489
-0.3825944052586569,-0.3826114982362092,521,490
-0.3825944052586569,-0.3815491573360259,521,491
-0.3825944052586569,-0.38043404798635,521,492
-0.3764028525158295,-0.3741489871090414,522,493
-0.3751907220156017,-0.3741489871090414,523,493
-0.3714375694752205,-0.3729634285687727,524,494
-0.3714375694752205,-0.370515914567724,524,495
-0.3688070880108849,-0.3692289217424239,525,496
-0.3675319076553445,-0.3679250466564735,526,497
-0.3675319076553445,-0.3666190296384903,526,498
-0.3648589898028032,-0.3652876059856894,527,499
-0.3635299986994345,-0.3626490489644094,528,500
-0.3606092079345319,-0.3612325560358351,529,501
-0.3591725474281728,-0.358307822193283,530,502
-0.3563573556916211,-0.3554674826776939,531,503
-0.3563573556916211,-0.3526934991928297,531,504
-0.3475037935874511,-0.3511975099548668,532,505
-0.3475037935874511,-0.3497640449705462,532,506
-0.3459361294877225,-0.3452756164604768,533,507
-0.3459361294877225,-0.3422418660997157,533,508
-0.3381278149342953,-0.3407031795728852,534,509
-0.3365609093786336,-0.3407031795728852,535,509
-0.3349537383299093,-0.3327838993795236,536,510
-0.3332497014397316,-0.3327838993795236,537,510
-0.3316301952388317,-0.3311240426265396,538,511
-0.3299758437484536,-0.3311240426265396,539,511
-0.3283272358195158,-0.3311240426265396,540,511
-0.318004752414342,-0.3141208720083755,541,512
-0.3128393921649399,-0.3141208720083755,542,512
-0.3093175595365003,-0.3070748752248334,543,513
-0.3075069705064502,-0.3070748752248334,544,513
-0.3039896828780836,-0.305288635158286,545,514
-0.3021366344209261,-0.3017101443861829,546,515
-0.3021366344209261,-0.2998566002152129,546,516
-0.2925860204746031,-0.2904478386653251,547,517
-0.2907739299152825,-0.2904478386653251,548,517
-0.2907739299152825,-0.2886652714620956,548,518
-0.2810214919997812,-0.2848288588935544,549,519
-0.2810214919997812,-0.2829272007028421,549,520
-0.2790390290489561,-0.2771611675569475,550,521
-0.2751706742430078,-0.2771611675569475,551,521
-0.2730693647095608,-0.2731316725993011,552,522
-0.2730693647095608,-0.2711015148716204,552,523
-0.2669736271248411,-0.2671038961752354,553,524
-0.2669736271248411,-0.2649894074201468,553,525
-0.2669736271248411,-0.2629806997699254,553,526
-0.2608843220478634,-0.2609233203437079,554,527
-0.2546218636621901,-0.2547027007075343,555,528
-0.24389615681189,-0.2439263335623489,556,529
-0.2416360429683663,-0.2416972455147807,557,530
-0.2330579045178359,-0.2352592091648346,558,531
-0.2308949655798212,-0.230997350965451,559,532
-0.2308949655798212,-0.2288500659999448,559,533
-0.2263337887300398,-0.2288500659999448,560,533
-0.2239662520311729,-0.2240588797371784,561,534
-0.2239662520311729,-0.2216715578182626,561,535
-0.219007194184842,-0.2216715578182626,562,535
-0.2164715752625027,-0.2216715578182626,563,535
-0.2118626701972082,-0.2097681046243254,564,536
-0.2097574071170369,-0.2097681046243254,565,536
-0.2047047473149676,-0.204570558975258,566,537
-0.2047047473149676,-0.2029711024510823,566,538
-0.2014086916633097,-0.2013332935893748,567,539
-0.1998522704706057,-0.1997345874188735,568,540
-0.1998522704706057,-0.1981312545500836,568,541
-0.1967649010650386,-0.1966291125352752,569,542
-0.1953646350823363,-0.1951810044082149,570,543
-0.1909533060458174,-0.1891593845855711,571,544
-0.1870298216753453,-0.1865257205844057,572,545
-0.1870298216753453,-0.1851959433162759,572,546
-0.1837248432904771,-0.184090679306671,573,547
-0.1837248432904771,-0.1831201123343469,573,548
-0.1822924817673883,-0.1831201123343469,574,548
-0.1818007890340536,-0.1831201123343469,575,548
-0.1812533451879796,-0.1804710988867563,576,549
-0.1811375883928427,-0.1804710988867563,577,549
-0.1810165497876474,-0.1804710988867563,578,549
-0.1810165497876474,-0.1803613963821856,578,550
-0.1810165497876474,-0.1803163487913995,578,551
-0.1810165497876474,-0.1802903312506006,578,552
-0.1810165497876474,-0.1803210726179638,578,553
-0.1810165497876474,-0.1803977598016852,578,554
-0.1810165497876474,-0.1805138244219734,578,555
-0.1810165497876474,-0.1806412545695929,578,556
-0.1810165497876474,-0.1807828771183924,578,557
-0.1810269026841594,-0.1807828771183924,579,557
-0.1809975977621838,-0.1807828771183924,580,557
-0.1810069305388394,-0.1807828771183924,581,557
-0.1810167927029521,-0.1807828771183924,582,557
-0.1810229218302735,-0.1807828771183924,583,557
-0.1810095009366135,-0.1807828771183924,584,557
-0.1809957174660844,-0.1807828771183924,585,557
-0.1809903845318516,-0.1807828771183924,586,557
-0.1809783722085821,-0.1807828771183924,587,557
-0.1809759633504105,-0.1807828771183924,588,557
-0.1809183529512703,-0.1807828771183924,589,557
-0.1807690642452339,-0.1807633752104245,590,558
-0.1807625796540903,-0.1807633752104245,591,558
-0.1807679655768685,-0.1807633752104245,592,558
-0.1807656806858903,-0.1807633752104245,593,558
-0.1807662446791847,-0.1807633752104245,594,558
-0.180764372500147,-0.1807633752104245,595,558
-0.1807681088235015,-0.1807633752104245,596,558
-0.1807672233792533,-0.1807633752104245,597,558
-0.1807648026194164,-0.1807633752104245,598,558
-0.1807665239604603,-0.1807633752104245,599,558
-0.1807675632285313,-0.1807633752104245,600,558
-0.1807631472511977,-0.1807633752104245,601,558
-0.1807679496965339,-0.1807633752104245,602,558
-0.1807679340471234,-0.1807633752104245,603,558
-0.1807650978010164,-0.1807633752104245,604,558
-0.180765811897096,-0.1807633752104245,605,558
-0.180766434123839,-0.1807633752104245,606,558
-0.1807686839008701,-0.1807633752104245,607,558
-0.1807685854138482,-0.1807633752104245,608,558
-0.1807664021313041,-0.1807633752104245,609,558
-0.1807696870591371,-0.1807633752104245,610,558
-0.1807655172498516,-0.1807633752104245,611,558
-0.1807671233319392,-0.1807633752104245,612,558
-0.18076757866727,-0.1807633752104245,613,558
-0.1807644422297506,-0.1807633752104245,614,558
-0.1807652886551237,-0.1807633752104245,615,558
-0.1807634589881844,-0.1807633752104245,616,558
-0.1807634686935842,-0.1807633752104245,617,558
-0.1807632452180759,-0.1807633752104245,618,558
-0.180766609860493,-0.1807633752104245,619,558
-0.1807683664798271,-0.1807633752104245,620,558
-0.1807639064842678,-0.1807633752104245,621,558
-0.1807671643340333,-0.1807633752104245,622,558
-0.1807647761542894,-0.1807633752104245,623,558
-0.1807664488028236,-0.1807633752104245,624,558
-0.180765532104976,-0.1807633752104245,625,558
-0.1807689783855678,-0.1807633752104245,626,558
-0.180768906693599,-0.1807633752104245,627,558
-0.1807664738789951,-0.1807633752104245,628,558
-0.1807695168987218,-0.1807633752104245,629,558
-0.1807668351114041,-0.1807633752104245,630,558
-0.1807650808969346,-0.1807633752104245,631,558
-0.1807632726170775,-0.1807633752104245,632,558
-0.1807657750386893,-0.1807633752104245,633,558
-0.1807630349938182,-0.1807633752104245,634,558
-0.1807675457642337,-0.1807633752104245,635,558
-0.1807716097406834,-0.1807633752104245,636,558
-0.1807665457366718,-0.1807633752104245,637,558
-0.1807652856226412,-0.1807633752104245,638,558
-0.1807684518220241,-0.1807633752104245,639,558
-0.1807684226561618,-0.1807633752104245,640,558
-0.180768081347251,-0.1807633752104245,641,558
-0.18076672415464,-0.1807633752104245,642,558
-0.1807645687587192,-0.1807633752104245,643,558
-0.1807648934849957,-0.1807633752104245,644,558
-0.1807645783028828,-0.1807633752104245,645,558
-0.1807646335320119,-0.1807633752104245,646,558
-0.1807671562303739,-0.1807633752104245,647,558
-0.1807674601865186,-0.1807633752104245,648,558
-0.1807710233119043,-0.1807633752104245,649,558
-0.1807646568613224,-0.1807633752104245,650,558
-0.1807664566172941,-0.1807633752104245,651,558
-0.1807658244933505,-0.1807633752104245,652,558
-0.1807645249679366,-0.1807633752104245,653,558
-0.180764031783017,-0.1807633752104245,654,558
-0.1807670347127688,-0.1807633752104245,655,558
-0.1807640575737621,-0.1807633752104245,656,558
-0.1807694865928651,-0.1807633752104245,657,558
-0.1807622027733332,-0.1807633752104245,658,558
-0.1807662755190973,-0.1807633752104245,659,558
-0.1807655809655808,-0.1807633752104245,660,558
-0.1807637091112595,-0.1807633752104245,661,558
-0.1807635029163722,-0.1807633752104245,662,558
-0.1807652438413286,-0.1807633752104245,663,558
-0.1807653452102372,-0.1807633752104245,664,558
-0.1807635935454924,-0.1807633752104245,665,558
-0.1807659309097331,-0.1807633752104245,666,558
-0.1807667402244725,-0.1807633752104245,667,558
-0.1807646344123079,-0.1807633752104245,668,558
-0.1807655054309178,-0.1807633752104245,669,558
-0.18076543036305,-0.1807633752104245,670,558
-0.1807651666973466,-0.1807633752104245,671,558
-0.180765726913934,-0.1807633752104245,672,558
-0.1807715774279049,-0.1807633752104245,673,558
-0.1807699542529443,-0.1807633752104245,674,558
-0.1807661422985476,-0.1807633752104245,675,558
-0.1807654249362984,-0.1807633752104245,676,558
-0.1807655465521694,-0.1807633752104245,677,558
-0.1807671609052838,-0.1807633752104245,678,558
-0.1807650457303842,-0.1807633752104245,679,558
-0.1807648575311224,-0.1807633752104245,680,558
-0.1807621567017051,-0.1807633752104245,681,558
-0.1807675247713904,-0.1807633752104245,682,558
-0.1807626670807071,-0.1807633752104245,683,558
-0.1807663152703326,-0.1807633752104245,684,558
-0.1807631352347205,-0.1807633752104245,685,558
-0.1807704142617544,-0.1807633752104245,686,558
-0.1807679704117619,-0.1807633752104245,687,558
-0.1807667661484566,-0.1807633752104245,688,558
-0.1807659725359489,-0.1807633752104245,689,558
-0.180769586882662,-0.1807633752104245,690,558
-0.1807652247565453,-0.1807633752104245,691,558
-0.1807647222431363,-0.1807633752104245,692,558
-0.1807629313573096,-0.1807633752104245,693,558
-0.1807689965910667,-0.1807633752104245,694,558
-0.1807702171733718,-0.1807633752104245,695,558
-0.1807653716322266,-0.1807633752104245,696,558
-0.1807693842976452,-0.1807633752104245,697,558
-0.1807649755938415,-0.1807633752104245,698,558
-0.1807665613559878,-0.1807633752104245,699,558
-0.1807645375868551,-0.1807633752104245,700,558
-0.180769134806498,-0.1807633752104245,701,558
-0.1807671588199963,-0.1807633752104245,702,558
-0.1807659892377495,-0.1807633752104245,703,558
-0.1807668329088587,-0.1807633752104245,704,558
-0.1807662894380573,-0.1807633752104245,705,558
-0.1807650363214768,-0.1807633752104245,706,558
-0.1807681360962384,-0.1807633752104245,707,558
-0.1807663057770277,-0.1807633752104245,708,558
-0.180768341525044,-0.1807633752104245,709,558
-0.180769718331978,-0.1807633752104245,710,558
-0.1807688135014822,-0.1807633752104245,711,558
-0.1807713128988366,-0.1807633752104245,712,558
-0.1807653133746486,-0.1807633752104245,713,558
-0.1807633288422152,-0.1807633752104245,714,558
-0.1807665027023547,-0.1807633752104245,715,558
-0.1807670780091424,-0.1807633752104245,716,558
-0.1807662620743996,-0.1807633752104245,717,558
-0.1807657408092935,-0.1807633752104245,718,558
-0.1807672708662534,-0.1807633752104245,719,558
-0.1807681148431853,-0.1807633752104245,720,558
-0.1807668379782971,-0.1807633752104245,721,558
-0.180768774796782,-0.1807633752104245,722,558
-0.1807657871792645,-0.1807633752104245,723,558
-0.180768200011869,-0.1807633752104245,724,558
-0.1807682752423978,-0.1807633752104245,725,558
-0.180769946400198,-0.1807633752104245,726,558
-0.1807665373798425,-0.1807633752104245,727,558
-0.1807627084662181,-0.1807633752104245,728,558
-0.1807681521947382,-0.1807633752104245,729,558
-0.1807667728815185,-0.1807633752104245,730,558
-0.1807641515289401,-0.1807633752104245,731,558
-0.180771293783829,-0.1807633752104245,732,558
-0.1807682068926384,-0.1807633752104245,733,558
-0.1807676308666551,-0.1807633752104245,734,558
-0.1807655378906209,-0.1807633752104245,735,558
-0.1807656199023963,-0.1807633752104245,736,558
-0.1807676960115828,-0.1807633752104245,737,558
-0.180763138918691,-0.1807633752104245,738,558
-0.1807705937483557,-0.1807633752104245,739,558
-0.1807661162375951,-0.1807633752104245,740,558
-0.1807644744416159,-0.1807633752104245,741,558
-0.1807639273804522,-0.1807633752104245,742,558
-0.1807659639341057,-0.1807633752104245,743,558
-0.1807679313564592,-0.1807633752104245,744,558
-0.1807636431859717,-0.1807633752104245,745,558
-0.1807639931402031,-0.1807633752104245,746,558
-0.1807643899338878,-0.1807633752104245,747,558
-0.1807671190004467,-0.1807633752104245,748,558
-0.1807679885708804,-0.1807633752104245,749,558
-0.1807658340416634,-0.1807633752104245,750,558
-0.1807666669162689,-0.1807633752104245,751,558
-0.1807665204571157,-0.1807633752104245,752,558
-0.1807649192852401,-0.1807633752104245,753,558
-0.1807706408565584,-0.1807633752104245,754,558
-0.1807660365715011,-0.1807633752104245,755,558
-0.1807628458331426,-0.1807633752104245,756,558
-0.1807635757684953,-0.1807633752104245,757,558
-0.1807679438567891,-0.1807633752104245,758,558
-0.1807671769054967,-0.1807633752104245,759,558
-0.1807681540071109,-0.1807633752104245,760,558
-0.1807698163067286,-0.1807633752104245,761,558
-0.1807696630370384,-0.1807633752104245,762,558
-0.1807674515027224,-0.1807633752104245,763,558
-0.1807667730874443,-0.1807633752104245,764,558
-0.1807619820228118,-0.1807633752104245,765,558
-0.1807612900042376,-0.1807633752104245,766,558
-0.1807663677465983,-0.1807633752104245,767,558
-0.1807672218868036,-0.1807633752104245,768,558
-0.1807683623942235,-0.1807633752104245,769,558
-0.1807636229796815,-0.1807633752104245,770,558
-0.1807674657645489,-0.1807633752104245,771,558
-0.1807673125727148,-0.1807633752104245,772,558
-0.1807656612790317,-0.1807633752104245,773,558
-0.1807636121992734,-0.1807633752104245,774,558
-0.1807657221767332,-0.1807633752104245,775,558
-0.1807660468880754,-0.1807633752104245,776,558
-0.1807620439177483,-0.1807633752104245,777,558
-0.1807705387083792,-0.1807633752104245,778,558
-0.1807672977549242,-0.1807633752104245,779,558
-0.1807687612261672,-0.1807633752104245,780,558
-0.1807671907818833,-0.1807633752104245,781,558
-0.1807666368941736,-0.1807633752104245,782,558
-0.1807728054077711,-0.1807633752104245,783,558
-0.1807673493461022,-0.1807633752104245,784,558
-0.1807673090213611,-0.1807633752104245,785,558
-0.1807655589965121,-0.1807633752104245,786,558
-0.1807685775151626,-0.1807633752104245,787,558
-0.1807656882814727,-0.1807633752104245,788,558
-0.1807662038907256,-0.1807633752104245,789,558
-0.1807663498699531,-0.1807633752104245,790,558
-0.1807656841211794,-0.1807633752104245,791,558
-0.1807639255028821,-0.1807633752104245,792,558
-0.180769913153591,-0.1807633752104245,793,558
-0.180769913153591,-0.1807633752104245,794,558
-0.1807657409354977,-0.1807633752104245,795,558
-0.1807668685060502,-0.1807633752104245,796,558
-0.1807625423180436,-0.1807633752104245,797,558
-0.1807623841604951,-0.1807633752104245,798,558
-0.1807700558684497,-0.1807633752104245,799,558
-0.1807654926834226,-0.1807633752104245,800,558
-0.1807647015905679,-0.1807633752104245,801,558
-0.1807653754592799,-0.1807633752104245,802,558
-0.1807683180709189,-0.1807633752104245,803,558
-0.1807654463339273,-0.1807633752104245,804,558
-0.1807678773540194,-0.1807633752104245,805,558
-0.1807678412452232,-0.1807633752104245,806,558
-0.1807670018804241,-0.1807633752104245,807,558
-0.1807630519252429,-0.1807633752104245,808,558
-0.1807688933404131,-0.1807633752104245,809,558
-0.1807698195911619,-0.1807633752104245,810,558
-0.1807700865292607,-0.1807633752104245,811,558
-0.1807667518225409,-0.1807633752104245,812,558
-0.1807654440793761,-0.1807633752104245,813,558
-0.1807661823333582,-0.1807633752104245,814,558
-0.1807666878215324,-0.1807633752104245,815,558
-0.1807668219327896,-0.1807633752104245,816,558
-0.1807653397627737,-0.1807633752104245,817,558
-0.1807669750007909,-0.1807633752104245,818,558
-0.1807700393705103,-0.1807633752104245,819,558
-0.1807661039757384,-0.1807633752104245,820,558
-0.1807631486560427,-0.1807633752104245,821,558
-0.180766975346449,-0.1807633752104245,822,558
-0.1807656099551852,-0.1807633752104245,823,558
-0.1807664312447604,-0.1807633752104245,824,558
-0.1807663570555334,-0.1807633752104245,825,558
-0.1807646673813991,-0.1807633752104245,826,558
-0.1807675182483077,-0.1807633752104245,827,558
-0.1807660196778103,-0.1807633752104245,828,558
-0.1807644108612958,-0.1807633752104245,829,558
-0.1807667970471294,-0.1807633752104245,830,558
-0.1807691295680169,-0.1807633752104245,831,558
-0.1807638244320339,-0.1807633752104245,832,558
-0.1807684287482841,-0.1807633752104245,833,558
-0.1807662623675824,-0.1807633752104245,834,558
-0.180766631731071,-0.1807633752104245,835,558
-0.1807692557574294,-0.1807633752104245,836,558
-0.1807662085759895,-0.1807633752104245,837,558
-0.1807673432654274,-0.1807633752104245,838,558
-0.1807662539537317,-0.1807633752104245,839,558
-0.1807667383502708,-0.1807633752104245,840,558
-0.1807699307129886,-0.1807633752104245,841,558
-0.1807669003144108,-0.1807633752104245,842,558
-0.1807659743118277,-0.1807633752104245,843,558
-0.1807663870894748,-0.1807633752104245,844,558
-0.1807665218692477,-0.1807633752104245,845,558
-0.180767005281562,-0.1807633752104245,846,558
-0.180768715985898,-0.1807633752104245,847,558
-0.180766949575536,-0.1807633752104245,848,558
-0.1807651919542357,-0.1807633752104245,849,558
-0.1807669664202626,-0.1807633752104245,850,558
-0.1807727332103424,-0.1807633752104245,851,558
-0.1807650698605712,-0.1807633752104245,852,558
-0.180764928600285,-0.1807633752104245,853,558
-0.1807689392529805,-0.1807633752104245,854,558
-0.1807636124436559,-0.1807633752104245,855,558
-0.1807673566930466,-0.1807633752104245,856,558
-0.1807627070939145,-0.1807633752104245,857,558
-0.1807717287658186,-0.1807633752104245,858,558
-0.1807686096202237,-0.1807633752104245,859,558
-0.1807657609740884,-0.1807633752104245,860,558
-0.1807654335100287,-0.1807633752104245,861,558
-0.1807683229405569,-0.1807633752104245,862,558
-0.1807638422434581,-0.1807633752104245,863,558
-0.1807688970451338,-0.1807633752104245,864,558
-0.1807676321372238,-0.1807633752104245,865,558
-0.180764122799663,-0.1807633752104245,866,558
-0.180768778263476,-0.1807633752104245,867,558
-0.1807669628076131,-0.1807633752104245,868,558
-0.1807671817454023,-0.1807633752104245,869,558
-0.1807657629158294,-0.1807633752104245,870,558
-0.1807688795058528,-0.1807633752104245,871,558
-0.1807652093529989,-0.1807633752104245,872,558
-0.1807677304022679,-0.1807633752104245,873,558
-0.1807660940120319,-0.1807633752104245,874,558
-0.1807678367880234,-0.1807633752104245,875,558
-0.1807651830800275,-0.1807633752104245,876,558
-0.1807666477637054,-0.1807633752104245,877,558
-0.1807625707069734,-0.1807633752104245,878,558
-0.1807603773041994,-0.1807633752104245,879,558
-0.1807658455190887,-0.1807633752104245,880,558
-0.1807657676365767,-0.1807633752104245,881,558
-0.180766412369395,-0.1807633752104245,882,558
-0.1807670511965124,-0.1807633752104245,883,558
-0.1807664160829748,-0.1807633752104245,884,558
-0.1807653857517349,-0.1807633752104245,885,558
-0.1807659422897413,-0.1807633752104245,886,558
-0.1807696856897482,-0.1807633752104245,887,558
-0.1807642889509109,-0.1807633752104245,888,558
-0.1807666330605963,-0.1807633752104245,889,558
-0.1807690845060809,-0.1807633752104245,890,558
-0.1807694826674701,-0.1807633752104245,891,558
-0.1807670255336579,-0.1807633752104245,892,558
-0.1807668194267975,-0.1807633752104245,893,558
-0.1807680479742172,-0.1807633752104245,894,558
-0.180767486521418,-0.1807633752104245,895,558
-0.18076372759659,-0.1807633752104245,896,558
-0.1807656640687235,-0.1807633752104245,897,558
-0.1807686894046449,-0.1807633752104245,898,558
-0.1807686894046449,-0.1807633752104245,899,558
-0.1807674966436996,-0.1807633752104245,900,558
-0.1807698756064882,-0.1807633752104245,901,558
-0.1807655831096623,-0.1807633752104245,902,558
-0.1807663650850061,-0.1807633752104245,903,558
-0.180765052220344,-0.1807633752104245,904,558
-0.1807658744857139,-0.1807633752104245,905,558
-0.1807653957354874,-0.1807633752104245,906,558
-0.1807722904606598,-0.1807633752104245,907,558
-0.180766897128691,-0.1807633752104245,908,558
-0.1807684793264491,-0.1807633752104245,909,558
-0.1807680216392698,-0.1807633752104245,910,558
-0.1807683692967606,-0.1807633752104245,911,558
-0.1807636350452268,-0.1807633752104245,912,558
-0.1807681177121932,-0.1807633752104245,913,558
-0.1807694953362352,-0.1807633752104245,914,558
-0.1807671461974818,-0.1807633752104245,915,558
-0.1807693209000537,-0.1807633752104245,916,558
-0.1807665111386413,-0.1807633752104245,917,558
-0.1807651913954881,-0.1807633752104245,918,558
-0.1807670903368779,-0.1807633752104245,919,558
-0.1807678055885064,-0.1807633752104245,920,558
-0.1807669798306652,-0.1807633752104245,921,558
-0.1807668343339329,-0.1807633752104245,922,558
-0.1807689267950164,-0.1807633752104245,923,558
-0.1807686056646655,-0.1807633752104245,924,558
-0.1807679102159657,-0.1807633752104245,925,558
-0.1807648804009849,-0.1807633752104245,926,558
-0.1807647897717993,-0.1807633752104245,927,558
-0.1807700486289856,-0.1807633752104245,928,558
-0.1807638540680345,-0.1807633752104245,929,558
-0.1807685709158294,-0.1807633752104245,930,558
-0.1807661158904489,-0.1807633752104245,931,558
-0.1807653940835343,-0.1807633752104245,932,558
-0.1807664509140194,-0.1807633752104245,933,558
-0.1807679837853192,-0.1807633752104245,934,558
-0.1807683552364714,-0.1807633752104245,935,558
-0.1807664334330575,-0.1807633752104245,936,558
-0.1807680809646392,-0.1807633752104245,937,558
-0.1807659003859389,-0.1807633752104245,938,558
-0.1807714424788618,-0.1807633752104245,939,558
-0.1807662801817044,-0.1807633752104245,940,558
-0.1807676079697044,-0.1807633752104245,941,558
-0.1807662669852087,-0.1807633752104245,942,558
-0.1807674419441585,-0.1807633752104245,943,558
-0.1807644547410559,-0.1807633752104245,944,558
-0.180762899880445,-0.1807633752104245,945,558
-0.1807687618178917,-0.1807633752104245,946,558
-0.1807656232942498,-0.1807633752104245,947,558
-0.1807685942087636,-0.1807633752104245,948,558
-0.1807687204376675,-0.1807633752104245,949,558
-0.180767530222508,-0.1807633752104245,950,558
-0.180765636593259,-0.1807633752104245,951,558
-0.1807675928675479,-0.1807633752104245,952,558
-0.18076749781995,-0.1807633752104245,953,558
-0.180765226282818,-0.1807633752104245,954,558
-0.1807666618948856,-0.1807633752104245,955,558
-0.1807637211401308,-0.1807633752104245,956,558
-0.1807681213488645,-0.1807633752104245,957,558
-0.18076498981478,-0.1807633752104245,958,558
-0.1807691318569581,-0.1807633752104245,959,558
-0.1807639353472424,-0.1807633752104245,960,558
-0.1807668515704291,-0.1807633752104245,961,558
-0.1807663912086843,-0.1807633752104245,962,558
-0.1807704254214994,-0.1807633752104245,963,558
-0.1807645246969214,-0.1807633752104245,964,558
-0.1807661132568399,-0.1807633752104245,965,558
-0.1807666439504683,-0.1807633752104245,966,558
-0.180769089291526,-0.1807633752104245,967,558
-0.1807704136266522,-0.1807633752104245,968,558
-0.1807686903369264,-0.1807633752104245,969,558
-0.1807692080653372,-0.1807633752104245,970,558
-0.1807698480524218,-0.1807633752104245,971,558
-0.1807646953250917,-0.1807633752104245,972,558
-0.1807629160873821,-0.1807633752104245,973,558
-0.1807706756717256,-0.1807633752104245,974,558
-0.1807666914385904,-0.1807633752104245,975,558
-0.1807626219708487,-0.1807633752104245,976,558
-0.1807657526227087,-0.1807633752104245,977,558
-0.1807677245217373,-0.1807633752104245,978,558
-0.1807676925414474,-0.1807633752104245,979,558
-0.1807668965148334,-0.1807633752104245,980,558
-0.180765438396743,-0.1807633752104245,981,558
-0.180766282135135,-0.1807633752104245,982,558
-0.1807676083520391,-0.1807633752104245,983,558
-0.1807656637156484,-0.1807633752104245,984,558
-0.1807656637156484,-0.1807633752104245,985,558
-0.1807636740884042,-0.1807633752104245,986,558
-0.1807646239505665,-0.1807633752104245,987,558
-0.1807723696496211,-0.1807633752104245,988,558
-0.1807686395447884,-0.1807633752104245,989,558
-0.1807645341697201,-0.1807633752104245,990,558
-0.1807654895572385,-0.1807633752104245,991,558
-0.1807653615768207,-0.1807633752104245,992,558
-0.1807660238857086,-0.1807633752104245,993,558
-0.1807709593486647,-0.1807633752104245,994,558
-0.1807673487587368,-0.1807633752104245,995,558
-0.1807680559732966,-0.1807633752104245,996,558
-0.1807666354849188,-0.1807633752104245,997,558
-0.1807687285126681,-0.1807633752104245,998,558
-0.1807683263278477,-0.1807633752104245,999,558
-0.180767737462178,-0.1807633752104245,1000,558
-0.1807688430880434,-0.1807633752104245,1001,558
-0.1807655682887306,-0.1807633752104245,1002,558
-0.1807662673639362,-0.1807633752104245,1003,558
-0.1807640945186678,-0.1807633752104245,1004,558
-0.180768840816294,-0.1807633752104245,1005,558
-0.1807663540078339,-0.1807633752104245,1006,558
-0.1807691613856247,-0.1807633752104245,1007,558
-0.1807661443225878,-0.1807633752104245,1008,558
-0.1807663050002629,-0.1807633752104245,1009,558
-0.1807684664895619,-0.1807633752104245,1010,558
-0.1807659114010299,-0.1807633752104245,1011,558
-0.1807671672703379,-0.1807633752104245,1012,558
-0.1807669799220499,-0.1807633752104245,1013,558
-0.1807656697865633,-0.1807633752104245,1014,558
-0.1807676018541198,-0.1807633752104245,1015,558
-0.1807662604426041,-0.1807633752104245,1016,558
-0.180767064432782,-0.1807633752104245,1017,558
-0.1807637062909946,-0.1807633752104245,1018,558
-0.1807653655784664,-0.1807633752104245,1019,558
-0.180768012044594,-0.1807633752104245,1020,558
-0.1807678982034485,-0.1807633752104245,1021,558
-0.1807665483943863,-0.1807633752104245,1022,558
-0.180771518789971,-0.1807633752104245,1023,558
-0.1807677588162687,-0.1807633752104245,1024,558
-0.1807695915744918,-0.1807633752104245,1025,558
-0.1807688194067954,-0.1807633752104245,1026,558
-0.1807681975788448,-0.1807633752104245,1027,558
-0.1807679388733951,-0.1807633752104245,1028,558
-0.1807678235683916,-0.1807633752104245,1029,558
-0.1807639833328114,-0.1807633752104245,1030,558
-0.180771185510706,-0.1807633752104245,1031,558
-0.1807637671039574,-0.1807633752104245,1032,558
-0.1807665768253331,-0.1807633752104245,1033,558
-0.1807631968492892,-0.1807633752104245,1034,558
-0.1807690799385245,-0.1807633752104245,1035,558
-0.1807656944573639,-0.1807633752104245,1036,558
-0.18076878546345,-0.1807633752104245,1037,558
-0.1807667112095519,-0.1807633752104245,1038,558
-0.1807653148577185,-0.1807633752104245,1039,558
-0.1807623068692993,-0.1807633752104245,1040,558
-0.1807667013386834,-0.1807633752104245,1041,558
-0.1807667013386834,-0.1807633752104245,1042,558
-0.1807660222443105,-0.1807633752104245,1043,558
-0.1807674181165381,-0.1807633752104245,1044,558
-0.1807642100209211,-0.1807633752104245,1045,558
-0.1807682224269579,-0.1807633752104245,1046,558
-0.1807660181138105,-0.1807633752104245,1047,558
-0.1807643657700315,-0.1807633752104245,1048,558
-0.1807679343809776,-0.1807633752104245,1049,558
-0.1807655455040447,-0.1807633752104245,1050,558
-0.1807677630086207,-0.1807633752104245,1051,558
-0.1807681984445138,-0.1807633752104245,1052,558
-0.1807656921370758,-0.1807633752104245,1053,558
-0.1807666298160213,-0.1807633752104245,1054,558
-0.1807653240744227,-0.1807633752104245,1055,558
-0.1807685701063954,-0.1807633752104245,1056,558
-0.1807653804867633,-0.1807633752104245,1057,558
-0.1807655469556111,-0.1807633752104245,1058,558
-0.1807691437087307,-0.1807633752104245,1059,558
-0.1807654321935648,-0.1807633752104245,1060,558
-0.1807652095204127,-0.1807633752104245,1061,558
-0.1807654278802501,-0.1807633752104245,1062,558
-0.1807698132032462,-0.1807633752104245,1063,558
-0.1807686084369013,-0.1807633752104245,1064,558
-0.1807646897609393,-0.1807633752104245,1065,558
-0.1807664824984135,-0.1807633752104245,1066,558
-0.1807685758495789,-0.1807633752104245,1067,558
-0.1807710638597155,-0.1807633752104245,1068,558
-0.1807666012404148,-0.1807633752104245,1069,558
-0.1807653131526727,-0.1807633752104245,1070,558
-0.1807670563589928,-0.1807633752104245,1071,558
-0.1807671079120003,-0.1807633752104245,1072,558
-0.1807653949823822,-0.1807633752104245,1073,558
-0.1807670481589286,-0.1807633752104245,1074,558
-0.1807701579574247,-0.1807633752104245,1075,558
-0.1807689382863546,-0.1807633752104245,1076,558
-0.1807656694692848,-0.1807633752104245,1077,558
-0.1807705532297568,-0.1807633752104245,1078,558
-0.1807667515017852,-0.1807633752104245,1079,558
-0.1807705857989178,-0.1807633752104245,1080,558
-0.1807676041402811,-0.1807633752104245,1081,558
-0.1807645009044201,-0.1807633752104245,1082,558
-0.1807638633854729,-0.1807633752104245,1083,558
-0.1807637029457635,-0.1807633752104245,1084,558
-0.1807637029457635,-0.1807486397179804,1084,559
-0.1807637029457635,-0.1807561590278878,1084,560
-0.1807637029457635,-0.1807532341332133,1084,561
-0.1807637029457635,-0.1807511107388133,1084,562
-0.1807637029457635,-0.1807497653693175,1084,563
-0.1807637029457635,-0.1807524074325904,1084,564
-0.1807637029457635,-0.1807549381587198,1084,565
-0.1807637029457635,-0.1807556688778812,1084,566
-0.1807637029457635,-0.1807556544908084,1084,567
-0.1807637029457635,-0.1807556544908084,1084,568
-0.1807637029457635,-0.1807566633426234,1084,569
-0.1807637029457635,-0.1807499738156386,1084,570
-0.1807637029457635,-0.1807532271895131,1084,571
-0.1807637029457635,-0.1807502740473804,1084,572
-0.1807637029457635,-0.1807521790198298,1084,573
-0.1807637029457635,-0.1807572055792533,1084,574
-0.1807637029457635,-0.1807516808050627,1084,575
-0.1807637029457635,-0.1807540125263645,1084,576
-0.1807637029457635,-0.1807531088490551,1084,577
-0.1807637029457635,-0.1807529525380331,1084,578
-0.1807637029457635,-0.1807497808185391,1084,579
-0.1807637029457635,-0.1807513147134752,1084,580
-0.1807637029457635,-0.1807551005959546,1084,581
-0.1807637029457635,-0.1807534531692838,1084,582
-0.1807637029457635,-0.1807548690962122,1084,583
-0.1807637029457635,-0.1807538095454924,1084,584
-0.1807637029457635,-0.1807538829619561,1084,585
-0.1807637029457635,-0.1807549816358542,1084,586
-0.1807637029457635,-0.1807531807692057,1084,587
-0.1807637029457635,-0.1807522815766786,1084,588
-0.1807637029457635,-0.1807549993125638,1084,589
-0.1807637029457635,-0.1807559007418464,1084,590
-0.1807637029457635,-0.1807523062000025,1084,591
-0.1807637029457635,-0.1807500461948564,1084,592
-0.1807637029457635,-0.1807542075902427,1084,593
-0.1807637029457635,-0.1807524837909561,1084,594
-0.1807637029457635,-0.180753958243062,1084,595
-0.1807637029457635,-0.1807546216131336,1084,596
-0.1807637029457635,-0.1807504314235005,1084,597
-0.1807637029457635,-0.1807500802890205,1084,598
-0.1807637029457635,-0.1807517517747836,1084,599
-0.1807637029457635,-0.1807559156469965,1084,600
-0.1807637029457635,-0.1807499707150643,1084,601
-0.1807637029457635,-0.1807558233890135,1084,602
-0.1807637029457635,-0.1807531737269651,1084,603
-0.1807637029457635,-0.1807537422626521,1084,604
-0.1807637029457635,-0.1807497608332232,1084,605
-0.1807637029457635,-0.1807507550436393,1084,606
-0.1807637029457635,-0.1807559190809673,1084,607
-0.1807637029457635,-0.1807517312011147,1084,608
-0.1807637029457635,-0.1807522528092974,1084,609
-0.1807637029457635,-0.1807531693932109,1084,610
-0.1807637029457635,-0.1807537970261391,1084,611
-0.1807637029457635,-0.1807539431256583,1084,612
-0.1807637029457635,-0.180750790338005,1084,613
-0.1807637029457635,-0.180755057133148,1084,614
-0.1807637029457635,-0.1807509526579823,1084,615
-0.1807637029457635,-0.1807525760974719,1084,616
-0.1807637029457635,-0.1807522828466858,1084,617
-0.1807637029457635,-0.1807532416836353,1084,618
-0.1807637029457635,-0.1807549234596995,1084,619
-0.1807637029457635,-0.1807566642390422,1084,620
-0.1807637029457635,-0.1807542531311942,1084,621
-0.1807637029457635,-0.1807532409417086,1084,622
-0.1807637029457635,-0.1807500264477695,1084,623
-0.1807637029457635,-0.1807538827369821,1084,624
-0.1807637029457635,-0.1807524597254285,1084,625
-0.1807637029457635,-0.180756381244797,1084,626
-0.1807637029457635,-0.1807559503327606,1084,627
-0.1807637029457635,-0.1807532617299602,1084,628
-0.1807637029457635,-0.1807544217926545,1084,629
-0.1807637029457635,-0.1807521989758425,1084,630
-0.1807637029457635,-0.1807557344052455,1084,631
-0.1807637029457635,-0.1807549833245348,1084,632
-0.1807637029457635,-0.1807525637298765,1084,633
-0.1807637029457635,-0.1807539296806765,1084,634
-0.1807637029457635,-0.1807517498768624,1084,635
-0.1807637029457635,-0.1807550286071436,1084,636
-0.1807637029457635,-0.1807530764463874,1084,637
-0.1807637029457635,-0.1807530764463874,1084,638
-0.1807637029457635,-0.1807525409237932,1084,639
-0.1807637029457635,-0.1807550470200612,1084,640
-0.1807637029457635,-0.1807592408126371,1084,641
-0.180767457840544,-0.1807592408126371,1085,641
-0.1807670425880005,-0.1807592408126371,1086,641
-0.1807678751705543,-0.1807592408126371,1087,641
-0.1807680592599856,-0.1807592408126371,1088,641
-0.1807685900652395,-0.1807592408126371,1089,641
-0.1807697559002282,-0.1807592408126371,1090,641
-0.1807675947238502,-0.1807592408126371,1091,641
-0.18076919547571,-0.1807592408126371,1092,641
-0.1807669406929656,-0.1807592408126371,1093,641
-0.1807669875807588,-0.1807592408126371,1094,641
-0.1807669365440557,-0.1807592408126371,1095,641
-0.1807643545140275,-0.1807592408126371,1096,641
-0.1807669364238186,-0.1807592408126371,1097,641
-0.1807686059375599,-0.1807592408126371,1098,641
-0.1807655354868626,-0.1807592408126371,1099,641
-0.1807670106643204,-0.1807592408126371,1100,641
-0.1807675818776654,-0.1807592408126371,1101,641
-0.1807694723045909,-0.1807592408126371,1102,641
-0.180765806863022,-0.1807592408126371,1103,641
-0.1807650985857973,-0.1807592408126371,1104,641
-0.1807650985857973,-0.1807517357139426,1104,642
-0.1807650985857973,-0.1807504130148121,1104,643
-0.1807650985857973,-0.1807488699207226,1104,644
-0.1807650985857973,-0.1807549214760805,1104,645
-0.1807650985857973,-0.1807562239020282,1104,646
-0.1807650985857973,-0.1807544783682578,1104,647
-0.1807650985857973,-0.1807516228150137,1104,648
-0.1807650985857973,-0.1807540974226182,1104,649
-0.1807650985857973,-0.1807524306046677,1104,650
-0.1807650985857973,-0.1807533613328102,1104,651
-0.1807650985857973,-0.1807516794869179,1104,652
-0.1807650985857973,-0.1807516896185805,1104,653
-0.1807650985857973,-0.1807538949786731,1104,654
-0.1807650985857973,-0.1807518077620908,1104,655
-0.1807650985857973,-0.1807556938426787,1104,656
-0.1807650985857973,-0.1807526218147993,1104,657
-0.1807650985857973,-0.1807574278308686,1104,658
-0.1807650985857973,-0.1807559458114075,1104,659
-0.1807650985857973,-0.1807523417010119,1104,660
-0.1807650985857973,-0.1807534107616079,1104,661
